complaint_id,tracking_key,citizen_name,citizen_email,category,title,description,location,priority,status,department,day_label,last_updated,created_at
CIV-2026-5739,TN-GOV-XC264C7,Dilip IBM26,dilipibm26@gmail.com,Streetlight,Streetlight not working,The streetlight near my house has not been working for the past 3 days. It's very dark at night.,"Gandhipuram, Coimbatore",Medium,Pending,"Streetlight Division, Coimbatore Corporation",Day 0,"Day 0 - Sep 12, 2026",2026-09-12 22:44:10
CIV-2026-9999,TN-GOV-XOFFLINE1,Rajesh Friend,rajesh.friend@gmail.com,Garbage,Overflowing garbage dumpster near school,Reported offline by Rajesh and synced upon reconnecting,"Peelamedu, Coimbatore",Medium,Pending,"Garbage Division, Coimbatore Corporation",Day 0,"Day 0 - Sep 11, 2026",2026-09-11 09:15:43
CIV-2026-3003,TN-GOV-X40D7AB,Anand Kumar,anand.k@gmail.com,Road Damage,Deep pothole causing accidents near bus stand,Submitted by Anand Kumar via citizen portal,"Gandhipuram, Coimbatore",High,Pending,"Road Damage Division, Coimbatore Corporation",Day 0,"Day 0 - Sep 11, 2026",2026-09-11 09:15:43
CIV-2026-3123,TN-GOV-XD63046,Karthik Raj,karthik.raj@gmail.com,Water Leak,Drinking water pipeline leakage near water tank,Submitted by Karthik Raj via citizen portal,"Saibaba Colony, Coimbatore",High,Pending,"Water Leak Division, Coimbatore Corporation",Day 0,"Day 0 - Sep 11, 2026",2026-09-11 09:15:43
CIV-2026-3641,TN-GOV-X0B327D,Priya Sharma,priya.sharma@gmail.com,Streetlight,Streetlight flickering on 5th cross,Submitted by Priya Sharma via citizen portal,"RS Puram, Coimbatore",High,Pending,"Streetlight Division, Coimbatore Corporation",Day 0,"Day 0 - Sep 11, 2026",2026-09-11 09:15:43
CIV-2026-7001,TN-GOV-X8CCB32,Dilip Palanisamy,dilippalanisamy09@gmail.com,Streetlight,Streetlight flickering on 5th cross,The light turns off every 2 minutes at night.,"5th Cross, Gandhipuram",Medium,Pending,"Streetlight Division, Coimbatore Corporation",Day 0,"Day 0 - Sep 14, 2026",2026-09-14 21:23:08
CIV-2026-8453,TN-GOV-XDCD6F7,Dilip Palanisamy,dilippalanisamy09@gmail.com,Streetlight,Streetlight flickering on 5th cross,Another light issue reported.,"6th Cross, Gandhipuram",High,Pending,"Streetlight Division, Coimbatore Corporation",Day 0,"Day 0 - Sep 14, 2026",2026-09-14 21:23:08
CIV-2026-7975,TN-GOV-X8EABB5,Google Fast User,google_speed_1789406069@gmail.com,Street Lighting,Broken Streetlight on 5th Cross Road,Streetlight bulb broken for 3 days and dark at night,"Ward 12, Gandhipuram",Medium,Pending,Electrical Dept,Day 0,"Day 0 - Sep 14, 2026",2026-09-14 22:44:30
CIV-2026-7251,TN-GOV-X386491,Google Fast User,google_speed_1789406161@gmail.com,Street Lighting,Broken Streetlight on 5th Cross Road,Streetlight bulb broken for 3 days and dark at night,"Ward 12, Gandhipuram",Medium,Pending,Electrical Dept,Day 0,"Day 0 - Sep 14, 2026",2026-09-14 22:46:01
